Rothrist/Schellbergweg/1;Rothrist/Geisshubelweg/1;105.5
Rothrist/Geisshubelweg/1;Rothrist/Geisshubelweg/2;55.4
Rothrist/Geisshubelweg/2;Rothrist/Bernstrasse/1;143.3
Rothrist/Bernstrasse/1;Rothrist/Bernstrasse/2;75
Rothrist/Bernstrasse/2;Rothrist/Neue Aarburgerstrasse/1;82.8
Rothrist/Neue Aarburgerstrasse/1;Rothrist/Neue Aarburgerstrasse/2;624.2
Rothrist/Neue Aarburgerstrasse/2;Rothrist/Neue Aarburgerstrasse/3;213.1
Rothrist/Neue Aarburgerstrasse/3;Rothrist/Neue Aarburgerstrasse/4;352.6
Rothrist/Neue Aarburgerstrasse/4;Aarburg/Oltnerstrasse/1;191.4
Aarburg/Oltnerstrasse/1;Aarburg/Oltnerstrasse/2;1665.8
Aarburg/Oltnerstrasse/2;Aarburg/Oltnerstrasse/3;59.6
Aarburg/Oltnerstrasse/3;Aarburg/Oltnerstrasse/4;96.7
Aarburg/Oltnerstrasse/4;Aarburg/Oltnerstrasse/5;195.5
Aarburg/Oltnerstrasse/5;Aarburg/Oltnerstrasse/6;63.5
Aarburg/Oltnerstrasse/6;Aarburg/Oltnerstrasse/7;74.2
Aarburg/Oltnerstrasse/7;Aarburg/Oltnerstrasse/8;156.5
Aarburg/Oltnerstrasse/8;Aarburg/Oltnerstrasse/9;175.2
Aarburg/Oltnerstrasse/9;Aarburg/Oltnerstrasse/10;126.2
Aarburg/Oltnerstrasse/10;Aarburg/Oltnerstrasse/11;105.3
Aarburg/Oltnerstrasse/11;Aarburg/Oltnerstrasse/12;58.5
Aarburg/Oltnerstrasse/12;Aarburg/Oltnerstrasse/13;91.6
Aarburg/Oltnerstrasse/13;Aarburg/Oltnerstrasse/14;51.3
Aarburg/Oltnerstrasse/14;Aarburg/Oltnerstrasse/16;83.9
Aarburg/Oltnerstrasse/16;Olten/Aarburgerstrasse/1;491.7
Olten/Aarburgerstrasse/1;Olten/Aarburgerstrasse/2;327.1
Olten/Aarburgerstrasse/2;Olten/Sälistrasse/1;80.1
Olten/Sälistrasse/1;Olten/Von Roll-Strasse/1;114.5
Olten/Von Roll-Strasse/1;Olten/Von Roll-Strasse/2;149
Olten/Von Roll-Strasse/2;Olten/Von Roll-Strasse/3;42.4
Olten/Von Roll-Strasse/3;Olten/Von Roll-Strasse/4;31.2
Aarau/Bachstrasse/2;Aarau/Buchsstrasse/1;733.9
Aarau/Buchsstrasse/1;Buchs/Lenzburgerstrasse/3;934.8
Buchs/Lenzburgerstrasse/3;Buchs/Lenzburgerstrasse/2;1017.3
Buchs/Lenzburgerstrasse/2;Buchs/Lenzburgerstrasse/1;1059.6
Buchs/Lenzburgerstrasse/1;Buchs/A1R/1;284.6
Buchs/A1R/1;Rupperswil/A1R/1;2681
Rupperswil/A1R/1;Aarau/A1/2;602.8
Aarau/A1/2;Aarau/A1/1;9165.6
Aarau/A1/1;Oftringen/A1/1;10054.8
Oftringen/A1/1;Rothrist/A1/1;2258.1
Rothrist/A1/1;Rothrist/Neue Aarburgerstrasse/3;393.4
Aarau/A1/1;Oberentfelden/Suhrentalstrasse/1;2589
Oberentfelden/Suhrentalstrasse/1;Oberentfelden/Suhrentalstrasse/2;549.6
Oberentfelden/Suhrentalstrasse/2;Distelberg/Entfelderstrasse/1;1547
Distelberg/Entfelderstrasse/1;Aarau/Entfelderstrasse/2;960.2
Aarau/Entfelderstrasse/2;Aarau/Entfelderstrasse/1;559.8
Aarau/Schwimmbadstrasse/1;Aarau/Schwimmbadstrasse/4;126.8
Aarau/Schwimmbadstrasse/1;Aarau/Schwimmbadstrasse/2;107.3
Aarau/Schwimmbadstrasse/2;Aarau/Schwimmbadstrasse/3;20.3
Aarau/Schwimmbadstrasse/4;Aarau/Schwimmbadstrasse/3;43
Aarau/Schwimmbadstrasse/3;Aarau/Schwimmbadstrasse/6;134.9
Aarau/Schwimmbadstrasse/4;Aarau/Schwimmbadstrasse/5;111.2
Aarau/Schwimmbadstrasse/5;Aarau/Schwimmbadstrasse/6;21.2
Aarau/Schwimmbadstrasse/5;Aarau/Schwimmbadstrasse/7;65.6
Aarau/Schwimmbadstrasse/6;Aarau/Schwimmbadstrasse/7;62.8
Aarau/Schwimmbadstrasse/7;Aarau/Schwimmbadstrasse/8;352
Aarau/Schwimmbadstrasse/8;Aarau/Allmendweg/1;60
Aarau/Schwimmbadstrasse/8;Aarau/Allmendweg/2;164.2
Aarau/Allmendweg/2;Aarau/Pfrundweg/2;70.8
Aarau/Allmendweg/1;Aarau/Allmendweg/2;162.7
Aarau/Allmendweg/1;Aarau/Schiffländestrasse/1;138.1
Aarau/Schiffländestrasse/1;Aarau/Stritengässli/1;193.2
Aarau/Pfrundweg/2;Aarau/Stritengässli/1;49.6
Aarau/Stritengässli/1;Aarau/Haldenring/1;117.3
Aarau/Haldenring/1;Aarau/Halden/1;53.9
Aarau/Halden/1;Aarau/Rathausgasse/1;218.4
Aarau/Rathausgasse/1;Aarau/VordereVorstadt/1;183.2
Aarau/VordereVorstadt/1;Aarau/VordereVorstadt/2;35.5
Aarau/VordereVorstadt/2;Aarau/VordereVorstadt/3;58.7
Aarau/VordereVorstadt/3;Aarau/Bachstrasse/1;29
Aarau/Bachstrasse/1;Aarau/Bachstrasse/2;155.5
Aarau/VordereVorstadt/3;Aarau/ObereVorstadt/1;162.8
Aarau/ObereVorstadt/1;Aarau/Bachstrasse/2;67.9
Aarau/ObereVorstadt/1;Aarau/Entfelderstrasse/1;175.1
Aarau/Bachstrasse/2;Aarau/Bachstrasse/3;59.1
Aarau/Bachstrasse/3;Aarau/Bachstrasse/4;99.1
Aarau/Entfelderstrasse/1;Aarau/Bachstrasse/4;129.6
Aarau/Bachstrasse/4;Aarau/Bachstrasse/5;152.3
Aarau/Entfelderstrasse/1;Aarau/Gönhardweg/1;210.6
Aarau/Gönhardweg/1;Aarau/Bachstrasse/5;234.7
Aarau/Bachstrasse/5;Aarau/Bachstrasse/6;225.9
Aarau/Bachstrasse/6;Aarau/Bachstrasse/7;11.6
Aarau/Bachstrasse/7;Aarau/Bachstrasse/8;124.5
Aarau/Gönhardweg/1;Aarau/Bachstrasse/8;347
Aarau/Gönhardweg/1;Aarau/Gönhardweg/2;180.2
Aarau/Gönhardweg/2;Aarau/Gönhardweg/3;628.6
Aarau/Bachstrasse/8;Aarau/Bachstrasse/9;299.2
Aarau/Bachstrasse/9;Aarau/Bachstrasse/10;116.5
Aarau/Bachstrasse/10;Aarau/Brügglifeldweg/1;48.4
Aarau/Gönhardweg/3;Aarau/Brügglifeldweg/1;286