Rothrist/Schellbergweg/1;7.888398212869403;47.30343942601661
Rothrist/Geisshubelweg/1;7.887075479487122;47.30375005229695
Rothrist/Geisshubelweg/2;7.887398676300611;47.30419196266373
Rothrist/Bernstrasse/1;7.8871327219237015;47.305468138381755
Rothrist/Bernstrasse/2;7.888092999;47.305642860883026
Rothrist/Neue Aarburgerstrasse/1;7.888119825409349;47.306486574637475
Rothrist/Neue Aarburgerstrasse/2;7.893918390233097;47.30930876766231
Rothrist/Neue Aarburgerstrasse/3;7.894110912270528;47.31122102397809
Rothrist/Neue Aarburgerstrasse/4;7.895034719397927;47.31431072919022
Aarburg/Oltnerstrasse/1;7.897055845426913;47.31601289566571
Aarburg/Oltnerstrasse/2;7.902449848478004;47.327342393933826
Aarburg/Oltnerstrasse/3;7.903175566;47.32817840321626
Aarburg/Oltnerstrasse/4;7.90361324;47.32847247567058
Aarburg/Oltnerstrasse/5;7.904848604;47.330000163572514
Aarburg/Oltnerstrasse/6;7.905121806578152;47.33054037190488
Aarburg/Oltnerstrasse/7;7.905395894;47.331181284936186
Aarburg/Oltnerstrasse/8;7.905995587771749;47.33252899066761
Aarburg/Oltnerstrasse/9;7.906652296;47.33404011396283
Aarburg/Oltnerstrasse/10;7.9071334765116665;47.33506414
Aarburg/Oltnerstrasse/11;7.907563226963058;47.33602856882762
Aarburg/Oltnerstrasse/12;7.907776000645837;47.336534396675816
Aarburg/Oltnerstrasse/13;7.908144013716788;47.337319689924335
Aarburg/Oltnerstrasse/14;7.908319235770597;47.337765873316194
Aarburg/Oltnerstrasse/15;7.908564956861495;47.338331361452944
Aarburg/Oltnerstrasse/16;7.908640415258186;47.33848841
Olten/Aarburgerstrasse/2;7.906870233586366;47.34563404670137
Olten/Aarburgerstrasse/1;7.9080234348536385;47.34279998010428
Olten/Sälistrasse/1;7.908244227507056;47.34541810971567
Olten/Von Roll-Strasse/1;7.908049058859396;47.34626299076518
Olten/Von Roll-Strasse/2;7.908275449951014;47.347194257082975
Olten/Von Roll-Strasse/3;7.908384752073649;47.34765990581386
Olten/Von Roll-Strasse/4;7.908289997786267;47.347962191882374
Rothrist/A1/1;7.899341236687657;47.31113571262457
Oftringen/A1/1;7.926482482189977;47.305485719469765
Aarau/A1/1;8.041071636623036;47.33826277421074
Aarau/A1/2;8.129523651630091;47.39134194882246
Oberentfelden/Suhrentalstrasse/1;8.058423576;47.357403305679505
Oberentfelden/Suhrentalstrasse/2;8.054847862752922;47.36171204952778
Distelberg/Entfelderstrasse/1;8.049608714522902;47.37488538087932
Aarau/Entfelderstrasse/2;8.050690974854044;47.383295026470016
Rupperswil/A1R/1;8.128704524629878;47.393104327907274
Buchs/A1R/1;8.094541031764017;47.388145700028495
Buchs/Lenzburgerstrasse/1;8.091780083427569;47.38724087050804
Buchs/Lenzburgerstrasse/2;8.079937910323725;47.391174039990624
Buchs/Lenzburgerstrasse/3;8.069241462755155;47.39004762591457
Aarau/Buchsstrasse/1;8.057372932705432;47.39190443055019
Aarau/Bachstrasse/2;8.048455762571752;47.38973594863427
Rothrist/Neue Aarburgerstrasse/3;7.894142453469005;47.31117124
Aarau/Entfelderstrasse/1;8.049849068;47.388157961254436
Aarau/Schwimmbadstrasse/5;8.031713913703337;47.391081410370994
Aarau/Schwimmbadstrasse/8;8.036262274672932;47.392748319445566
Aarau/Allmendweg/2;8.037841376525135;47.39168261975443
Aarau/Pfrundweg/2;8.038732659055436;47.39188496980054
Aarau/Stritengässli/1;8.039531626398384;47.391916663284256
Aarau/Haldenring/1;8.041400027744931;47.39255989667611
Aarau/Halden/1;8.042116131175607;47.39256862866502
Aarau/Rathausgasse/1;8.04448999;47.392017018897434
Aarau/VordereVorstadt/1;8.045247786500013;47.39046355802841
Aarau/VordereVorstadt/2;8.045714635739401;47.39042098174276
Aarau/VordereVorstadt/3;8.046185842397314;47.39000063936723
Aarau/Bachstrasse/1;8.046723608945245;47.390114055622576
Aarau/Bachstrasse/2;8.04842069;47.389722020471375
Aarau/Bachstrasse/3;8.049178676290287;47.38958503860465
Aarau/Bachstrasse/4;8.050413440682147;47.38927483691389
Aarau/Bachstrasse/5;8.052297020220914;47.388775699104194
Aarau/Bachstrasse/6;8.054994569364773;47.387888782791784
Aarau/Bachstrasse/7;8.054970451703703;47.38778612888708
Aarau/Bachstrasse/8;8.056144185;47.386996748720364
Aarau/Bachstrasse/9;8.058861281471398;47.385038055903486
Aarau/Bachstrasse/10;8.059869166849033;47.384242536311234
Aarau/Brügglifeldweg/1;8.059404782405743;47.38394132982894
Aarau/Schwimmbadstrasse/1;8.028353471576253;47.390887377508555
Aarau/Schwimmbadstrasse/2;8.029831159648353;47.39034043201328
Aarau/Schwimmbadstrasse/3;8.030004268;47.39058521427626
Aarau/Schwimmbadstrasse/4;8.030026900962152;47.39097140161946
Aarau/Schwimmbadstrasse/6;8.031737947913276;47.39089125172273
Aarau/Schwimmbadstrasse/7;8.032584491512623;47.39110943149774
Aarau/Allmendweg/1;8.037111129677847;47.39305943475948
Aarau/Schiffländestrasse/1;8.038708541557412;47.39355218484533
Aarau/ObereVorstadt/1;8.047984206075075;47.38918772134877
Aarau/Entfelderstrasse/1;8.049783891021589;47.38818962
Aarau/Gönhardweg/1;8.051555338;47.38673962411075
Aarau/Gönhardweg/2;8.052404469134014;47.38523745182131
Aarau/Gönhardweg/3;8.057939491;47.38131222713023