Rothrist/Schellberweg/1;Rothrist/Geisshubelweg/1;105.5
Rothrist/Geisshubelweg/1;Rothrist/Geisshubelweg/2;55.4
Rothrist/Geisshubelweg/2;Rothrist/Bernstrasse/1;143.3
Rothrist/Bernstrasse/1;Rothrist/Bernstrasse/2;75
Rothrist/Bernstrasse/2;Rothrist/Neue Aarburgerstrasse/1;82.8
Rothrist/Neue Aarburgerstrasse/1;Rothrist/Neue Aarburgerstrasse/2;624.2
Rothrist/Neue Aarburgerstrasse/2;Rothrist/Neue Aarburgerstrasse/3;213.1
Rothrist/Neue Aarburgerstrasse/3;Rothrist/Neue Aarburgerstrasse/4;352.6
Rothrist/Neue Aarburgerstrasse/4;Aarburg/Oltnerstrasse/1;191.4
Aarburg/Oltnerstrasse/1;Aarburg/Oltnerstrasse/2;1665.8
Aarburg/Oltnerstrasse/2;Aarburg/Oltnerstrasse/3;59.6
Aarburg/Oltnerstrasse/3;Aarburg/Oltnerstrasse/4;96.7
Aarburg/Oltnerstrasse/4;Aarburg/Oltnerstrasse/5;195.5
Aarburg/Oltnerstrasse/5;Aarburg/Oltnerstrasse/6;63.5
Aarburg/Oltnerstrasse/6;Aarburg/Oltnerstrasse/7;74.2
Aarburg/Oltnerstrasse/7;Aarburg/Oltnerstrasse/8;156.5
Aarburg/Oltnerstrasse/8;Aarburg/Oltnerstrasse/9;175.2
Aarburg/Oltnerstrasse/9;Aarburg/Oltnerstrasse/10;126.2
Aarburg/Oltnerstrasse/10;Aarburg/Oltnerstrasse/11;105.3
Aarburg/Oltnerstrasse/11;Aarburg/Oltnerstrasse/12;58.5
Aarburg/Oltnerstrasse/12;Aarburg/Oltnerstrasse/13;91.6
Aarburg/Oltnerstrasse/13;Aarburg/Oltnerstrasse/14;51.3
Aarburg/Oltnerstrasse/14;Aarburg/Oltnerstrasse/16;83.9
Aarburg/Oltnerstrasse/16;Olten/Aarburgerstrasse/1;491.7
Olten/Aarburgerstrasse/1;Olten/Aarburgerstrasse/2;327.1
Olten/Aarburgerstrasse/2;Olten/Sälistrasse/1;80.1
Olten/Sälistrasse/1;Olten/Von Roll-Strasse/1;114.5
Olten/Von Roll-Strasse/1;Olten/Von Roll-Strasse/2;149
Olten/Von Roll-Strasse/2;Olten/Von Roll-Strasse/3;42.4
Olten/Von Roll-Strasse/3;Olten/Von Roll-Strasse/4;31.2