Rothrist/Schellberweg/1;7.888398212869403;47.30343942601661
Rothrist/Geisshubelweg/1;7.887075479487122;47.30375005229695
Rothrist/Geisshubelweg/2;7.887398676300611;47.30419196266373
Rothrist/Bernstrasse/1;7.8871327219237015;47.305468138381755
Rothrist/Bernstrasse/2;7.88809299903511;47.305642860883026
Rothrist/Neue Aarburgerstrasse/1;7.888119825409349;47.306486574637475
Rothrist/Neue Aarburgerstrasse/2;7.893918390233097;47.30930876766231
Rothrist/Neue Aarburgerstrasse/3;7.894110912270528;47.31122102397809
Rothrist/Neue Aarburgerstrasse/4;7.895034719397927;47.31431072919022
Aarburg/Oltnerstrasse/1;7.897055845426913;47.31601289566571
Aarburg/Oltnerstrasse/2;7.902449848478004;47.327342393933826
Aarburg/Oltnerstrasse/3;7.90317556561899;47.32817840321626
Aarburg/Oltnerstrasse/4;7.90361323996678;47.32847247567058
Aarburg/Oltnerstrasse/5;7.90484860446884;47.330000163572514
Aarburg/Oltnerstrasse/6;7.905121806578152;47.33054037190488
Aarburg/Oltnerstrasse/7;7.90539589430063;47.331181284936186
Aarburg/Oltnerstrasse/8;7.905995587771749;47.33252899066761
Aarburg/Oltnerstrasse/9;7.90665229612529;47.33404011396283
Aarburg/Oltnerstrasse/10;7.9071334765116665;47.3350641361076
Aarburg/Oltnerstrasse/11;7.907563226963058;47.33602856882762